entity_id,type,debit,credit,amount,fee,tax,on_hold,settled,created_at,settled_at,settlement_id,payment_id,arn,method,description
pay_90000,payment,0.00,500.00,500.00,10.00,1.80,false,true,2026-08-03T10:00:00+00:00,2026-08-03T10:00:00+00:00,setl_8800,pay_90000,,card,Settlement line for pay_90000
pay_90001,payment,0.00,25000.00,25000.00,500.00,90.00,false,true,2026-08-03T10:00:00+00:00,2026-08-03T10:00:00+00:00,setl_8800,pay_90001,,card,Settlement line for pay_90001
pay_90002,payment,0.00,4999.00,4999.00,99.98,18.00,false,true,2026-08-03T10:00:00+00:00,2026-08-03T10:00:00+00:00,setl_8800,pay_90002,,card,Settlement line for pay_90002
pay_90003,payment,0.00,25000.00,25000.00,500.00,90.00,false,true,2026-08-03T10:00:00+00:00,2026-08-03T10:00:00+00:00,setl_8800,pay_90003,,card,Settlement line for pay_90003
pay_90004,payment,0.00,1200.00,1200.00,0.00,0.00,false,true,2026-08-03T10:00:00+00:00,2026-08-03T10:00:00+00:00,setl_8800,pay_90004,,card,Settlement line for pay_90004
pay_90005,payment,0.00,50000.00,50000.00,900.00,162.00,false,true,2026-08-03T10:00:00+00:00,2026-08-03T10:00:00+00:00,setl_8800,pay_90005,,card,Settlement line for pay_90005
pay_90006,payment,0.00,72000.00,72000.00,1440.00,259.20,false,true,2026-08-03T10:00:00+00:00,2026-08-03T10:00:00+00:00,setl_8800,pay_90006,,card,Settlement line for pay_90006
pay_90007,payment,0.00,7500.00,7500.00,135.00,24.30,false,true,2026-08-03T10:00:00+00:00,2026-08-03T10:00:00+00:00,setl_8800,pay_90007,,card,Settlement line for pay_90007
pay_90008,payment,0.00,50000.00,50000.00,1000.00,180.00,false,true,2026-08-03T10:00:00+00:00,2026-08-03T10:00:00+00:00,setl_8800,pay_90008,,card,Settlement line for pay_90008
pay_90009,payment,0.00,2500.00,2500.00,50.00,9.00,false,true,2026-08-03T10:00:00+00:00,2026-08-03T10:00:00+00:00,setl_8800,pay_90009,,card,Settlement line for pay_90009
pay_90010,payment,0.00,500.00,500.00,0.00,0.00,false,true,2026-08-03T10:00:00+00:00,2026-08-03T10:00:00+00:00,setl_8800,pay_90010,,card,Settlement line for pay_90010
pay_90011,payment,0.00,7500.00,7500.00,135.00,24.30,false,true,2026-08-03T10:00:00+00:00,2026-08-03T10:00:00+00:00,setl_8800,pay_90011,,card,Settlement line for pay_90011
pay_90012,payment,0.00,50000.00,50000.00,1000.00,180.00,false,true,2026-08-03T10:00:00+00:00,2026-08-03T10:00:00+00:00,setl_8800,pay_90012,,card,Settlement line for pay_90012
pay_90013,payment,0.00,25000.00,25000.00,500.00,90.00,false,true,2026-08-03T10:00:00+00:00,2026-08-03T10:00:00+00:00,setl_8800,pay_90013,,card,Settlement line for pay_90013
pay_90014,payment,0.00,500.00,500.00,0.00,0.00,false,true,2026-08-03T10:00:00+00:00,2026-08-03T10:00:00+00:00,setl_8800,pay_90014,,card,Settlement line for pay_90014
pay_90015,payment,0.00,1200.00,1200.00,24.00,4.32,false,true,2026-08-03T10:00:00+00:00,2026-08-03T10:00:00+00:00,setl_8800,pay_90015,,card,Settlement line for pay_90015
rfnd_3026,refund,72000.00,0.00,72000.00,0.00,0.00,false,true,2026-08-03T10:00:00+00:00,2026-08-03T10:00:00+00:00,setl_8800,pay_90006,24022851823953659131887,card,Settlement line for rfnd_3026
disp_5003,dispute,50000.00,0.00,50000.00,0.00,0.00,false,true,2026-08-03T10:00:00+00:00,2026-08-03T10:00:00+00:00,setl_8800,,,card,Settlement line for disp_5003
disp_5005,dispute,500.00,0.00,500.00,0.00,0.00,false,true,2026-08-03T10:00:00+00:00,2026-08-03T10:00:00+00:00,setl_8800,,,card,Settlement line for disp_5005
pay_90016,payment,0.00,500.00,500.00,0.00,0.00,false,true,2026-08-04T10:00:00+00:00,2026-08-04T10:00:00+00:00,setl_8801,pay_90016,,card,Settlement line for pay_90016
pay_90017,payment,0.00,7500.00,7500.00,150.00,27.00,false,true,2026-08-04T10:00:00+00:00,2026-08-04T10:00:00+00:00,setl_8801,pay_90017,,card,Settlement line for pay_90017
pay_90018,payment,0.00,7500.00,7500.00,150.00,27.00,false,true,2026-08-04T10:00:00+00:00,2026-08-04T10:00:00+00:00,setl_8801,pay_90018,,card,Settlement line for pay_90018
pay_90019,payment,0.00,12000.00,12000.00,216.00,38.88,false,true,2026-08-04T10:00:00+00:00,2026-08-04T10:00:00+00:00,setl_8801,pay_90019,,card,Settlement line for pay_90019
pay_90020,payment,0.00,12000.00,12000.00,240.00,43.20,false,true,2026-08-04T10:00:00+00:00,2026-08-04T10:00:00+00:00,setl_8801,pay_90020,,card,Settlement line for pay_90020
pay_90021,payment,0.00,4999.00,4999.00,99.98,18.00,false,true,2026-08-04T10:00:00+00:00,2026-08-04T10:00:00+00:00,setl_8801,pay_90021,,card,Settlement line for pay_90021
pay_90022,payment,0.00,50000.00,50000.00,1000.00,180.00,false,true,2026-08-04T10:00:00+00:00,2026-08-04T10:00:00+00:00,setl_8801,pay_90022,,card,Settlement line for pay_90022
pay_90023,payment,0.00,4999.00,4999.00,99.98,18.00,false,true,2026-08-04T10:00:00+00:00,2026-08-04T10:00:00+00:00,setl_8801,pay_90023,,card,Settlement line for pay_90023
pay_90024,payment,0.00,50000.00,50000.00,1000.00,180.00,false,true,2026-08-04T10:00:00+00:00,2026-08-04T10:00:00+00:00,setl_8801,pay_90024,,card,Settlement line for pay_90024
pay_90025,payment,0.00,4999.00,4999.00,0.00,0.00,false,true,2026-08-04T10:00:00+00:00,2026-08-04T10:00:00+00:00,setl_8801,pay_90025,,card,Settlement line for pay_90025
pay_90026,payment,0.00,4999.00,4999.00,89.98,16.20,false,true,2026-08-04T10:00:00+00:00,2026-08-04T10:00:00+00:00,setl_8801,pay_90026,,card,Settlement line for pay_90026
pay_90027,payment,0.00,4999.00,4999.00,99.98,18.00,false,true,2026-08-04T10:00:00+00:00,2026-08-04T10:00:00+00:00,setl_8801,pay_90027,,card,Settlement line for pay_90027
pay_90028,payment,0.00,25000.00,25000.00,500.00,90.00,false,true,2026-08-04T10:00:00+00:00,2026-08-04T10:00:00+00:00,setl_8801,pay_90028,,card,Settlement line for pay_90028
pay_90029,payment,0.00,50000.00,50000.00,1000.00,180.00,false,true,2026-08-04T10:00:00+00:00,2026-08-04T10:00:00+00:00,setl_8801,pay_90029,,card,Settlement line for pay_90029
pay_90030,payment,0.00,4999.00,4999.00,99.98,18.00,false,true,2026-08-04T10:00:00+00:00,2026-08-04T10:00:00+00:00,setl_8801,pay_90030,,card,Settlement line for pay_90030
pay_90031,payment,0.00,4999.00,4999.00,0.00,0.00,false,true,2026-08-04T10:00:00+00:00,2026-08-04T10:00:00+00:00,setl_8801,pay_90031,,card,Settlement line for pay_90031
rfnd_3001,refund,500.00,0.00,500.00,0.00,0.00,false,true,2026-08-04T10:00:00+00:00,2026-08-04T10:00:00+00:00,setl_8801,pay_90016,24022820628599122800129,card,Settlement line for rfnd_3001
rfnd_3019,refund,2499.50,0.00,2499.50,0.00,0.00,false,true,2026-08-04T10:00:00+00:00,2026-08-04T10:00:00+00:00,setl_8801,pay_90031,24022868524103490637639,card,Settlement line for rfnd_3019
rfnd_3036,refund,25000.00,0.00,25000.00,0.00,0.00,false,true,2026-08-04T10:00:00+00:00,2026-08-04T10:00:00+00:00,setl_8801,pay_90022,24022862714112433387519,card,Settlement line for rfnd_3036
pay_90032,payment,0.00,1200.00,1200.00,0.00,0.00,false,true,2026-08-05T10:00:00+00:00,2026-08-05T10:00:00+00:00,setl_8802,pay_90032,,card,Settlement line for pay_90032
pay_90033,payment,0.00,4999.00,4999.00,99.98,18.00,false,true,2026-08-05T10:00:00+00:00,2026-08-05T10:00:00+00:00,setl_8802,pay_90033,,card,Settlement line for pay_90033
pay_90034,payment,0.00,25000.00,25000.00,500.00,90.00,false,true,2026-08-05T10:00:00+00:00,2026-08-05T10:00:00+00:00,setl_8802,pay_90034,,card,Settlement line for pay_90034
pay_90035,payment,0.00,50000.00,50000.00,1000.00,180.00,false,true,2026-08-05T10:00:00+00:00,2026-08-05T10:00:00+00:00,setl_8802,pay_90035,,card,Settlement line for pay_90035
pay_90036,payment,0.00,500.00,500.00,10.00,1.80,false,true,2026-08-05T10:00:00+00:00,2026-08-05T10:00:00+00:00,setl_8802,pay_90036,,card,Settlement line for pay_90036
pay_90037,payment,0.00,1200.00,1200.00,24.00,4.32,false,true,2026-08-05T10:00:00+00:00,2026-08-05T10:00:00+00:00,setl_8802,pay_90037,,card,Settlement line for pay_90037
pay_90038,payment,0.00,4999.00,4999.00,0.00,0.00,false,true,2026-08-05T10:00:00+00:00,2026-08-05T10:00:00+00:00,setl_8802,pay_90038,,card,Settlement line for pay_90038
pay_90039,payment,0.00,72000.00,72000.00,1440.00,259.20,false,true,2026-08-05T10:00:00+00:00,2026-08-05T10:00:00+00:00,setl_8802,pay_90039,,card,Settlement line for pay_90039
pay_90040,payment,0.00,25000.00,25000.00,500.00,90.00,false,true,2026-08-05T10:00:00+00:00,2026-08-05T10:00:00+00:00,setl_8802,pay_90040,,card,Settlement line for pay_90040
pay_90041,payment,0.00,1200.00,1200.00,24.00,4.32,false,true,2026-08-05T10:00:00+00:00,2026-08-05T10:00:00+00:00,setl_8802,pay_90041,,card,Settlement line for pay_90041
pay_90042,payment,0.00,4999.00,4999.00,99.98,18.00,false,true,2026-08-05T10:00:00+00:00,2026-08-05T10:00:00+00:00,setl_8802,pay_90042,,card,Settlement line for pay_90042
pay_90043,payment,0.00,7500.00,7500.00,135.00,24.30,false,true,2026-08-05T10:00:00+00:00,2026-08-05T10:00:00+00:00,setl_8802,pay_90043,,card,Settlement line for pay_90043
pay_90044,payment,0.00,1200.00,1200.00,24.00,4.32,false,true,2026-08-05T10:00:00+00:00,2026-08-05T10:00:00+00:00,setl_8802,pay_90044,,card,Settlement line for pay_90044
pay_90045,payment,0.00,7500.00,7500.00,150.00,27.00,false,true,2026-08-05T10:00:00+00:00,2026-08-05T10:00:00+00:00,setl_8802,pay_90045,,card,Settlement line for pay_90045
pay_90046,payment,0.00,500.00,500.00,0.00,0.00,false,true,2026-08-05T10:00:00+00:00,2026-08-05T10:00:00+00:00,setl_8802,pay_90046,,card,Settlement line for pay_90046
pay_90047,payment,0.00,2500.00,2500.00,0.00,0.00,false,true,2026-08-05T10:00:00+00:00,2026-08-05T10:00:00+00:00,setl_8802,pay_90047,,card,Settlement line for pay_90047
rfnd_3008,refund,25000.00,0.00,25000.00,0.00,0.00,false,true,2026-08-05T10:00:00+00:00,2026-08-05T10:00:00+00:00,setl_8802,pay_90040,24022846116028143446441,card,Settlement line for rfnd_3008
rfnd_3014,refund,600.00,0.00,600.00,0.00,0.00,false,true,2026-08-05T10:00:00+00:00,2026-08-05T10:00:00+00:00,setl_8802,pay_90044,24022821705443860839483,card,Settlement line for rfnd_3014
rfnd_3022,refund,50000.00,0.00,50000.00,0.00,0.00,false,true,2026-08-05T10:00:00+00:00,2026-08-05T10:00:00+00:00,setl_8802,pay_90035,24022855047885360232613,card,Settlement line for rfnd_3022
rfnd_3034,refund,2499.50,0.00,2499.50,0.00,0.00,false,true,2026-08-05T10:00:00+00:00,2026-08-05T10:00:00+00:00,setl_8802,pay_90033,24022851180681031147840,card,Settlement line for rfnd_3034
pay_90048,payment,0.00,500.00,500.00,9.00,1.62,false,true,2026-08-06T10:00:00+00:00,2026-08-06T10:00:00+00:00,setl_8803,pay_90048,,card,Settlement line for pay_90048
pay_90049,payment,0.00,500.00,500.00,10.00,1.80,false,true,2026-08-06T10:00:00+00:00,2026-08-06T10:00:00+00:00,setl_8803,pay_90049,,card,Settlement line for pay_90049
pay_90050,payment,0.00,500.00,500.00,0.00,0.00,false,true,2026-08-06T10:00:00+00:00,2026-08-06T10:00:00+00:00,setl_8803,pay_90050,,card,Settlement line for pay_90050
pay_90051,payment,0.00,12000.00,12000.00,216.00,38.88,false,true,2026-08-06T10:00:00+00:00,2026-08-06T10:00:00+00:00,setl_8803,pay_90051,,card,Settlement line for pay_90051
pay_90052,payment,0.00,2500.00,2500.00,50.00,9.00,false,true,2026-08-06T10:00:00+00:00,2026-08-06T10:00:00+00:00,setl_8803,pay_90052,,card,Settlement line for pay_90052
pay_90053,payment,0.00,7500.00,7500.00,150.00,27.00,false,true,2026-08-06T10:00:00+00:00,2026-08-06T10:00:00+00:00,setl_8803,pay_90053,,card,Settlement line for pay_90053
pay_90054,payment,0.00,50000.00,50000.00,0.00,0.00,false,true,2026-08-06T10:00:00+00:00,2026-08-06T10:00:00+00:00,setl_8803,pay_90054,,card,Settlement line for pay_90054
pay_90055,payment,0.00,4999.00,4999.00,99.98,18.00,false,true,2026-08-06T10:00:00+00:00,2026-08-06T10:00:00+00:00,setl_8803,pay_90055,,card,Settlement line for pay_90055
pay_90056,payment,0.00,72000.00,72000.00,1440.00,259.20,false,true,2026-08-06T10:00:00+00:00,2026-08-06T10:00:00+00:00,setl_8803,pay_90056,,card,Settlement line for pay_90056
pay_90057,payment,0.00,7500.00,7500.00,150.00,27.00,false,true,2026-08-06T10:00:00+00:00,2026-08-06T10:00:00+00:00,setl_8803,pay_90057,,card,Settlement line for pay_90057
pay_90058,payment,0.00,72000.00,72000.00,1296.00,233.28,false,true,2026-08-06T10:00:00+00:00,2026-08-06T10:00:00+00:00,setl_8803,pay_90058,,card,Settlement line for pay_90058
pay_90059,payment,0.00,500.00,500.00,10.00,1.80,false,true,2026-08-06T10:00:00+00:00,2026-08-06T10:00:00+00:00,setl_8803,pay_90059,,card,Settlement line for pay_90059
pay_90060,payment,0.00,1200.00,1200.00,0.00,0.00,false,true,2026-08-06T10:00:00+00:00,2026-08-06T10:00:00+00:00,setl_8803,pay_90060,,card,Settlement line for pay_90060
pay_90061,payment,0.00,7500.00,7500.00,0.00,0.00,false,true,2026-08-06T10:00:00+00:00,2026-08-06T10:00:00+00:00,setl_8803,pay_90061,,card,Settlement line for pay_90061
pay_90062,payment,0.00,25000.00,25000.00,500.00,90.00,false,true,2026-08-06T10:00:00+00:00,2026-08-06T10:00:00+00:00,setl_8803,pay_90062,,card,Settlement line for pay_90062
pay_90063,payment,0.00,7500.00,7500.00,0.00,0.00,false,true,2026-08-06T10:00:00+00:00,2026-08-06T10:00:00+00:00,setl_8803,pay_90063,,card,Settlement line for pay_90063
rfnd_3018,refund,7500.00,0.00,7500.00,0.00,0.00,false,true,2026-08-06T10:00:00+00:00,2026-08-06T10:00:00+00:00,setl_8803,pay_90057,24022879599684336159293,card,Settlement line for rfnd_3018
rfnd_3020,refund,12000.00,0.00,12000.00,0.00,0.00,false,true,2026-08-06T10:00:00+00:00,2026-08-06T10:00:00+00:00,setl_8803,pay_90051,24022818634377576184481,card,Settlement line for rfnd_3020
rfnd_3023,refund,1200.00,0.00,1200.00,0.00,0.00,false,true,2026-08-06T10:00:00+00:00,2026-08-06T10:00:00+00:00,setl_8803,pay_90060,24022828845386199419572,card,Settlement line for rfnd_3023
disp_5008,dispute,500.00,0.00,500.00,0.00,0.00,false,true,2026-08-06T10:00:00+00:00,2026-08-06T10:00:00+00:00,setl_8803,,,card,Settlement line for disp_5008
pay_90064,payment,0.00,7500.00,7500.00,0.00,0.00,false,true,2026-08-07T10:00:00+00:00,2026-08-07T10:00:00+00:00,setl_8804,pay_90064,,card,Settlement line for pay_90064
pay_90065,payment,0.00,12000.00,12000.00,240.00,43.20,false,true,2026-08-07T10:00:00+00:00,2026-08-07T10:00:00+00:00,setl_8804,pay_90065,,card,Settlement line for pay_90065
pay_90066,payment,0.00,1200.00,1200.00,0.00,0.00,false,true,2026-08-07T10:00:00+00:00,2026-08-07T10:00:00+00:00,setl_8804,pay_90066,,card,Settlement line for pay_90066
pay_90067,payment,0.00,12000.00,12000.00,0.00,0.00,false,true,2026-08-07T10:00:00+00:00,2026-08-07T10:00:00+00:00,setl_8804,pay_90067,,card,Settlement line for pay_90067
pay_90068,payment,0.00,4999.00,4999.00,99.98,18.00,false,true,2026-08-07T10:00:00+00:00,2026-08-07T10:00:00+00:00,setl_8804,pay_90068,,card,Settlement line for pay_90068
pay_90069,payment,0.00,4999.00,4999.00,99.98,18.00,false,true,2026-08-07T10:00:00+00:00,2026-08-07T10:00:00+00:00,setl_8804,pay_90069,,card,Settlement line for pay_90069
pay_90070,payment,0.00,25000.00,25000.00,0.00,0.00,false,true,2026-08-07T10:00:00+00:00,2026-08-07T10:00:00+00:00,setl_8804,pay_90070,,card,Settlement line for pay_90070
pay_90071,payment,0.00,50000.00,50000.00,1000.00,180.00,false,true,2026-08-07T10:00:00+00:00,2026-08-07T10:00:00+00:00,setl_8804,pay_90071,,card,Settlement line for pay_90071
pay_90072,payment,0.00,72000.00,72000.00,1296.00,233.28,false,true,2026-08-07T10:00:00+00:00,2026-08-07T10:00:00+00:00,setl_8804,pay_90072,,card,Settlement line for pay_90072
pay_90073,payment,0.00,72000.00,72000.00,1440.00,259.20,false,true,2026-08-07T10:00:00+00:00,2026-08-07T10:00:00+00:00,setl_8804,pay_90073,,card,Settlement line for pay_90073
pay_90074,payment,0.00,4999.00,4999.00,0.00,0.00,false,true,2026-08-07T10:00:00+00:00,2026-08-07T10:00:00+00:00,setl_8804,pay_90074,,card,Settlement line for pay_90074
pay_90075,payment,0.00,50000.00,50000.00,1000.00,180.00,false,true,2026-08-07T10:00:00+00:00,2026-08-07T10:00:00+00:00,setl_8804,pay_90075,,card,Settlement line for pay_90075
pay_90076,payment,0.00,12000.00,12000.00,240.00,43.20,false,true,2026-08-07T10:00:00+00:00,2026-08-07T10:00:00+00:00,setl_8804,pay_90076,,card,Settlement line for pay_90076
pay_90077,payment,0.00,4999.00,4999.00,99.98,18.00,false,true,2026-08-07T10:00:00+00:00,2026-08-07T10:00:00+00:00,setl_8804,pay_90077,,card,Settlement line for pay_90077
pay_90078,payment,0.00,4999.00,4999.00,89.98,16.20,false,true,2026-08-07T10:00:00+00:00,2026-08-07T10:00:00+00:00,setl_8804,pay_90078,,card,Settlement line for pay_90078
pay_90079,payment,0.00,25000.00,25000.00,450.00,81.00,false,true,2026-08-07T10:00:00+00:00,2026-08-07T10:00:00+00:00,setl_8804,pay_90079,,card,Settlement line for pay_90079
rfnd_3004,refund,2499.50,0.00,2499.50,0.00,0.00,false,true,2026-08-07T10:00:00+00:00,2026-08-07T10:00:00+00:00,setl_8804,pay_90074,24022889451198905601980,card,Settlement line for rfnd_3004
rfnd_3006,refund,6000.00,0.00,6000.00,0.00,0.00,false,true,2026-08-07T10:00:00+00:00,2026-08-07T10:00:00+00:00,setl_8804,pay_90076,24022884666383476590072,card,Settlement line for rfnd_3006
pay_90080,payment,0.00,25000.00,25000.00,0.00,0.00,false,true,2026-08-08T10:00:00+00:00,2026-08-08T10:00:00+00:00,setl_8805,pay_90080,,card,Settlement line for pay_90080
pay_90081,payment,0.00,50000.00,50000.00,1000.00,180.00,false,true,2026-08-08T10:00:00+00:00,2026-08-08T10:00:00+00:00,setl_8805,pay_90081,,card,Settlement line for pay_90081
pay_90082,payment,0.00,2500.00,2500.00,45.00,8.10,false,true,2026-08-08T10:00:00+00:00,2026-08-08T10:00:00+00:00,setl_8805,pay_90082,,card,Settlement line for pay_90082
pay_90083,payment,0.00,500.00,500.00,10.00,1.80,false,true,2026-08-08T10:00:00+00:00,2026-08-08T10:00:00+00:00,setl_8805,pay_90083,,card,Settlement line for pay_90083
pay_90084,payment,0.00,25000.00,25000.00,500.00,90.00,false,true,2026-08-08T10:00:00+00:00,2026-08-08T10:00:00+00:00,setl_8805,pay_90084,,card,Settlement line for pay_90084
pay_90085,payment,0.00,7500.00,7500.00,150.00,27.00,false,true,2026-08-08T10:00:00+00:00,2026-08-08T10:00:00+00:00,setl_8805,pay_90085,,card,Settlement line for pay_90085
pay_90086,payment,0.00,1200.00,1200.00,0.00,0.00,false,true,2026-08-08T10:00:00+00:00,2026-08-08T10:00:00+00:00,setl_8805,pay_90086,,card,Settlement line for pay_90086
pay_90087,payment,0.00,4999.00,4999.00,99.98,18.00,false,true,2026-08-08T10:00:00+00:00,2026-08-08T10:00:00+00:00,setl_8805,pay_90087,,card,Settlement line for pay_90087
pay_90088,payment,0.00,7500.00,7500.00,0.00,0.00,false,true,2026-08-08T10:00:00+00:00,2026-08-08T10:00:00+00:00,setl_8805,pay_90088,,card,Settlement line for pay_90088
pay_90089,payment,0.00,2500.00,2500.00,50.00,9.00,false,true,2026-08-08T10:00:00+00:00,2026-08-08T10:00:00+00:00,setl_8805,pay_90089,,card,Settlement line for pay_90089
pay_90090,payment,0.00,1200.00,1200.00,24.00,4.32,false,true,2026-08-08T10:00:00+00:00,2026-08-08T10:00:00+00:00,setl_8805,pay_90090,,card,Settlement line for pay_90090
pay_90091,payment,0.00,72000.00,72000.00,1440.00,259.20,false,true,2026-08-08T10:00:00+00:00,2026-08-08T10:00:00+00:00,setl_8805,pay_90091,,card,Settlement line for pay_90091
pay_90092,payment,0.00,50000.00,50000.00,900.00,162.00,false,true,2026-08-08T10:00:00+00:00,2026-08-08T10:00:00+00:00,setl_8805,pay_90092,,card,Settlement line for pay_90092
pay_90093,payment,0.00,25000.00,25000.00,450.00,81.00,false,true,2026-08-08T10:00:00+00:00,2026-08-08T10:00:00+00:00,setl_8805,pay_90093,,card,Settlement line for pay_90093
pay_90094,payment,0.00,72000.00,72000.00,1440.00,259.20,false,true,2026-08-08T10:00:00+00:00,2026-08-08T10:00:00+00:00,setl_8805,pay_90094,,card,Settlement line for pay_90094
pay_90095,payment,0.00,1200.00,1200.00,24.00,4.32,false,true,2026-08-08T10:00:00+00:00,2026-08-08T10:00:00+00:00,setl_8805,pay_90095,,card,Settlement line for pay_90095
rfnd_3016,refund,50000.00,0.00,50000.00,0.00,0.00,false,true,2026-08-08T10:00:00+00:00,2026-08-08T10:00:00+00:00,setl_8805,pay_90092,24022892453660161240259,card,Settlement line for rfnd_3016
rfnd_3030,refund,36000.00,0.00,36000.00,0.00,0.00,false,true,2026-08-08T10:00:00+00:00,2026-08-08T10:00:00+00:00,setl_8805,pay_90094,24022881878848093958686,card,Settlement line for rfnd_3030
disp_5011,dispute,1200.00,0.00,1200.00,0.00,0.00,false,true,2026-08-08T10:00:00+00:00,2026-08-08T10:00:00+00:00,setl_8805,,,card,Settlement line for disp_5011
pay_90096,payment,0.00,50000.00,50000.00,1000.00,180.00,false,true,2026-08-09T10:00:00+00:00,2026-08-09T10:00:00+00:00,setl_8806,pay_90096,,card,Settlement line for pay_90096
pay_90097,payment,0.00,7500.00,7500.00,150.00,27.00,false,true,2026-08-09T10:00:00+00:00,2026-08-09T10:00:00+00:00,setl_8806,pay_90097,,card,Settlement line for pay_90097
pay_90098,payment,0.00,50000.00,50000.00,0.00,0.00,false,true,2026-08-09T10:00:00+00:00,2026-08-09T10:00:00+00:00,setl_8806,pay_90098,,card,Settlement line for pay_90098
pay_90099,payment,0.00,50000.00,50000.00,1000.00,180.00,false,true,2026-08-09T10:00:00+00:00,2026-08-09T10:00:00+00:00,setl_8806,pay_90099,,card,Settlement line for pay_90099
pay_90100,payment,0.00,12000.00,12000.00,240.00,43.20,false,true,2026-08-09T10:00:00+00:00,2026-08-09T10:00:00+00:00,setl_8806,pay_90100,,card,Settlement line for pay_90100
pay_90101,payment,0.00,7500.00,7500.00,150.00,27.00,false,true,2026-08-09T10:00:00+00:00,2026-08-09T10:00:00+00:00,setl_8806,pay_90101,,card,Settlement line for pay_90101
pay_90102,payment,0.00,72000.00,72000.00,1440.00,259.20,false,true,2026-08-09T10:00:00+00:00,2026-08-09T10:00:00+00:00,setl_8806,pay_90102,,card,Settlement line for pay_90102
pay_90103,payment,0.00,72000.00,72000.00,1296.00,233.28,false,true,2026-08-09T10:00:00+00:00,2026-08-09T10:00:00+00:00,setl_8806,pay_90103,,card,Settlement line for pay_90103
pay_90104,payment,0.00,4999.00,4999.00,99.98,18.00,false,true,2026-08-09T10:00:00+00:00,2026-08-09T10:00:00+00:00,setl_8806,pay_90104,,card,Settlement line for pay_90104
pay_90105,payment,0.00,500.00,500.00,10.00,1.80,false,true,2026-08-09T10:00:00+00:00,2026-08-09T10:00:00+00:00,setl_8806,pay_90105,,card,Settlement line for pay_90105
pay_90106,payment,0.00,7500.00,7500.00,150.00,27.00,false,true,2026-08-09T10:00:00+00:00,2026-08-09T10:00:00+00:00,setl_8806,pay_90106,,card,Settlement line for pay_90106
pay_90107,payment,0.00,1200.00,1200.00,24.00,4.32,false,true,2026-08-09T10:00:00+00:00,2026-08-09T10:00:00+00:00,setl_8806,pay_90107,,card,Settlement line for pay_90107
pay_90108,payment,0.00,7500.00,7500.00,150.00,27.00,false,true,2026-08-09T10:00:00+00:00,2026-08-09T10:00:00+00:00,setl_8806,pay_90108,,card,Settlement line for pay_90108
pay_90109,payment,0.00,50000.00,50000.00,1000.00,180.00,false,true,2026-08-09T10:00:00+00:00,2026-08-09T10:00:00+00:00,setl_8806,pay_90109,,card,Settlement line for pay_90109
pay_90110,payment,0.00,4999.00,4999.00,99.98,18.00,false,true,2026-08-09T10:00:00+00:00,2026-08-09T10:00:00+00:00,setl_8806,pay_90110,,card,Settlement line for pay_90110
pay_90111,payment,0.00,25000.00,25000.00,500.00,90.00,false,true,2026-08-09T10:00:00+00:00,2026-08-09T10:00:00+00:00,setl_8806,pay_90111,,card,Settlement line for pay_90111
disp_5002,dispute,7500.00,0.00,7500.00,0.00,0.00,false,true,2026-08-09T10:00:00+00:00,2026-08-09T10:00:00+00:00,setl_8806,,,card,Settlement line for disp_5002
disp_5009,dispute,1200.00,0.00,1200.00,0.00,0.00,false,true,2026-08-09T10:00:00+00:00,2026-08-09T10:00:00+00:00,setl_8806,,,card,Settlement line for disp_5009
pay_90112,payment,0.00,1200.00,1200.00,21.60,3.89,false,true,2026-08-10T10:00:00+00:00,2026-08-10T10:00:00+00:00,setl_8807,pay_90112,,card,Settlement line for pay_90112
pay_90113,payment,0.00,1200.00,1200.00,0.00,0.00,false,true,2026-08-10T10:00:00+00:00,2026-08-10T10:00:00+00:00,setl_8807,pay_90113,,card,Settlement line for pay_90113
pay_90114,payment,0.00,2500.00,2500.00,50.00,9.00,false,true,2026-08-10T10:00:00+00:00,2026-08-10T10:00:00+00:00,setl_8807,pay_90114,,card,Settlement line for pay_90114
pay_90115,payment,0.00,50000.00,50000.00,0.00,0.00,false,true,2026-08-10T10:00:00+00:00,2026-08-10T10:00:00+00:00,setl_8807,pay_90115,,card,Settlement line for pay_90115
pay_90116,payment,0.00,72000.00,72000.00,1440.00,259.20,false,true,2026-08-10T10:00:00+00:00,2026-08-10T10:00:00+00:00,setl_8807,pay_90116,,card,Settlement line for pay_90116
pay_90117,payment,0.00,7500.00,7500.00,150.00,27.00,false,true,2026-08-10T10:00:00+00:00,2026-08-10T10:00:00+00:00,setl_8807,pay_90117,,card,Settlement line for pay_90117
pay_90118,payment,0.00,500.00,500.00,10.00,1.80,false,true,2026-08-10T10:00:00+00:00,2026-08-10T10:00:00+00:00,setl_8807,pay_90118,,card,Settlement line for pay_90118
pay_90119,payment,0.00,25000.00,25000.00,450.00,81.00,false,true,2026-08-10T10:00:00+00:00,2026-08-10T10:00:00+00:00,setl_8807,pay_90119,,card,Settlement line for pay_90119
pay_90120,payment,0.00,25000.00,25000.00,0.00,0.00,false,true,2026-08-10T10:00:00+00:00,2026-08-10T10:00:00+00:00,setl_8807,pay_90120,,card,Settlement line for pay_90120
pay_90121,payment,0.00,12000.00,12000.00,240.00,43.20,false,true,2026-08-10T10:00:00+00:00,2026-08-10T10:00:00+00:00,setl_8807,pay_90121,,card,Settlement line for pay_90121
pay_90122,payment,0.00,12000.00,12000.00,240.00,43.20,false,true,2026-08-10T10:00:00+00:00,2026-08-10T10:00:00+00:00,setl_8807,pay_90122,,card,Settlement line for pay_90122
pay_90123,payment,0.00,50000.00,50000.00,1000.00,180.00,false,true,2026-08-10T10:00:00+00:00,2026-08-10T10:00:00+00:00,setl_8807,pay_90123,,card,Settlement line for pay_90123
pay_90124,payment,0.00,4999.00,4999.00,99.98,18.00,false,true,2026-08-10T10:00:00+00:00,2026-08-10T10:00:00+00:00,setl_8807,pay_90124,,card,Settlement line for pay_90124
pay_90125,payment,0.00,500.00,500.00,0.00,0.00,false,true,2026-08-10T10:00:00+00:00,2026-08-10T10:00:00+00:00,setl_8807,pay_90125,,card,Settlement line for pay_90125
pay_90126,payment,0.00,72000.00,72000.00,1440.00,259.20,false,true,2026-08-10T10:00:00+00:00,2026-08-10T10:00:00+00:00,setl_8807,pay_90126,,card,Settlement line for pay_90126
pay_90127,payment,0.00,2500.00,2500.00,50.00,9.00,false,true,2026-08-10T10:00:00+00:00,2026-08-10T10:00:00+00:00,setl_8807,pay_90127,,card,Settlement line for pay_90127
rfnd_3025,refund,72000.00,0.00,72000.00,0.00,0.00,false,true,2026-08-10T10:00:00+00:00,2026-08-10T10:00:00+00:00,setl_8807,pay_90126,24022874793611488265746,card,Settlement line for rfnd_3025
rfnd_3031,refund,25000.00,0.00,25000.00,0.00,0.00,false,true,2026-08-10T10:00:00+00:00,2026-08-10T10:00:00+00:00,setl_8807,pay_90119,24022882842221827360027,card,Settlement line for rfnd_3031
disp_5001,dispute,500.00,0.00,500.00,0.00,0.00,false,true,2026-08-10T10:00:00+00:00,2026-08-10T10:00:00+00:00,setl_8807,,,card,Settlement line for disp_5001
disp_5004,dispute,7500.00,0.00,7500.00,0.00,0.00,false,true,2026-08-10T10:00:00+00:00,2026-08-10T10:00:00+00:00,setl_8807,,,card,Settlement line for disp_5004
pay_90128,payment,0.00,4999.00,4999.00,99.98,18.00,false,true,2026-08-11T10:00:00+00:00,2026-08-11T10:00:00+00:00,setl_8808,pay_90128,,card,Settlement line for pay_90128
pay_90129,payment,0.00,7500.00,7500.00,135.00,24.30,false,true,2026-08-11T10:00:00+00:00,2026-08-11T10:00:00+00:00,setl_8808,pay_90129,,card,Settlement line for pay_90129
pay_90130,payment,0.00,7500.00,7500.00,135.00,24.30,false,true,2026-08-11T10:00:00+00:00,2026-08-11T10:00:00+00:00,setl_8808,pay_90130,,card,Settlement line for pay_90130
pay_90131,payment,0.00,50000.00,50000.00,1000.00,180.00,false,true,2026-08-11T10:00:00+00:00,2026-08-11T10:00:00+00:00,setl_8808,pay_90131,,card,Settlement line for pay_90131
pay_90132,payment,0.00,4999.00,4999.00,99.98,18.00,false,true,2026-08-11T10:00:00+00:00,2026-08-11T10:00:00+00:00,setl_8808,pay_90132,,card,Settlement line for pay_90132
pay_90133,payment,0.00,50000.00,50000.00,1000.00,180.00,false,true,2026-08-11T10:00:00+00:00,2026-08-11T10:00:00+00:00,setl_8808,pay_90133,,card,Settlement line for pay_90133
pay_90134,payment,0.00,2500.00,2500.00,45.00,8.10,false,true,2026-08-11T10:00:00+00:00,2026-08-11T10:00:00+00:00,setl_8808,pay_90134,,card,Settlement line for pay_90134
pay_90135,payment,0.00,72000.00,72000.00,0.00,0.00,false,true,2026-08-11T10:00:00+00:00,2026-08-11T10:00:00+00:00,setl_8808,pay_90135,,card,Settlement line for pay_90135
pay_90136,payment,0.00,2500.00,2500.00,0.00,0.00,false,true,2026-08-11T10:00:00+00:00,2026-08-11T10:00:00+00:00,setl_8808,pay_90136,,card,Settlement line for pay_90136
pay_90137,payment,0.00,12000.00,12000.00,0.00,0.00,false,true,2026-08-11T10:00:00+00:00,2026-08-11T10:00:00+00:00,setl_8808,pay_90137,,card,Settlement line for pay_90137
pay_90138,payment,0.00,72000.00,72000.00,0.00,0.00,false,true,2026-08-11T10:00:00+00:00,2026-08-11T10:00:00+00:00,setl_8808,pay_90138,,card,Settlement line for pay_90138
pay_90139,payment,0.00,72000.00,72000.00,1440.00,259.20,false,true,2026-08-11T10:00:00+00:00,2026-08-11T10:00:00+00:00,setl_8808,pay_90139,,card,Settlement line for pay_90139
pay_90140,payment,0.00,25000.00,25000.00,500.00,90.00,false,true,2026-08-11T10:00:00+00:00,2026-08-11T10:00:00+00:00,setl_8808,pay_90140,,card,Settlement line for pay_90140
pay_90141,payment,0.00,12000.00,12000.00,240.00,43.20,false,true,2026-08-11T10:00:00+00:00,2026-08-11T10:00:00+00:00,setl_8808,pay_90141,,card,Settlement line for pay_90141
pay_90142,payment,0.00,25000.00,25000.00,500.00,90.00,false,true,2026-08-11T10:00:00+00:00,2026-08-11T10:00:00+00:00,setl_8808,pay_90142,,card,Settlement line for pay_90142
pay_90143,payment,0.00,2500.00,2500.00,0.00,0.00,false,true,2026-08-11T10:00:00+00:00,2026-08-11T10:00:00+00:00,setl_8808,pay_90143,,card,Settlement line for pay_90143
rfnd_3002,refund,12500.00,0.00,12500.00,0.00,0.00,false,true,2026-08-11T10:00:00+00:00,2026-08-11T10:00:00+00:00,setl_8808,pay_90140,24022820688308047793480,card,Settlement line for rfnd_3002
rfnd_3003,refund,72000.00,0.00,72000.00,0.00,0.00,false,true,2026-08-11T10:00:00+00:00,2026-08-11T10:00:00+00:00,setl_8808,pay_90138,24022859649811278902448,card,Settlement line for rfnd_3003
rfnd_3017,refund,7500.00,0.00,7500.00,0.00,0.00,false,true,2026-08-11T10:00:00+00:00,2026-08-11T10:00:00+00:00,setl_8808,pay_90130,24022881774847880974614,card,Settlement line for rfnd_3017
rfnd_3028,refund,6000.00,0.00,6000.00,0.00,0.00,false,true,2026-08-11T10:00:00+00:00,2026-08-11T10:00:00+00:00,setl_8808,pay_90141,24022893253478277404477,card,Settlement line for rfnd_3028
pay_90144,payment,0.00,7500.00,7500.00,135.00,24.30,false,true,2026-08-12T10:00:00+00:00,2026-08-12T10:00:00+00:00,setl_8809,pay_90144,,card,Settlement line for pay_90144
pay_90145,payment,0.00,72000.00,72000.00,1440.00,259.20,false,true,2026-08-12T10:00:00+00:00,2026-08-12T10:00:00+00:00,setl_8809,pay_90145,,card,Settlement line for pay_90145
pay_90146,payment,0.00,50000.00,50000.00,900.00,162.00,false,true,2026-08-12T10:00:00+00:00,2026-08-12T10:00:00+00:00,setl_8809,pay_90146,,card,Settlement line for pay_90146
pay_90147,payment,0.00,4999.00,4999.00,99.98,18.00,false,true,2026-08-12T10:00:00+00:00,2026-08-12T10:00:00+00:00,setl_8809,pay_90147,,card,Settlement line for pay_90147
pay_90148,payment,0.00,7500.00,7500.00,135.00,24.30,false,true,2026-08-12T10:00:00+00:00,2026-08-12T10:00:00+00:00,setl_8809,pay_90148,,card,Settlement line for pay_90148
pay_90149,payment,0.00,4999.00,4999.00,99.98,18.00,false,true,2026-08-12T10:00:00+00:00,2026-08-12T10:00:00+00:00,setl_8809,pay_90149,,card,Settlement line for pay_90149
pay_90150,payment,0.00,500.00,500.00,10.00,1.80,false,true,2026-08-12T10:00:00+00:00,2026-08-12T10:00:00+00:00,setl_8809,pay_90150,,card,Settlement line for pay_90150
pay_90151,payment,0.00,12000.00,12000.00,240.00,43.20,false,true,2026-08-12T10:00:00+00:00,2026-08-12T10:00:00+00:00,setl_8809,pay_90151,,card,Settlement line for pay_90151
pay_90152,payment,0.00,7500.00,7500.00,0.00,0.00,false,true,2026-08-12T10:00:00+00:00,2026-08-12T10:00:00+00:00,setl_8809,pay_90152,,card,Settlement line for pay_90152
pay_90153,payment,0.00,1200.00,1200.00,24.00,4.32,false,true,2026-08-12T10:00:00+00:00,2026-08-12T10:00:00+00:00,setl_8809,pay_90153,,card,Settlement line for pay_90153
pay_90154,payment,0.00,25000.00,25000.00,500.00,90.00,false,true,2026-08-12T10:00:00+00:00,2026-08-12T10:00:00+00:00,setl_8809,pay_90154,,card,Settlement line for pay_90154
pay_90155,payment,0.00,25000.00,25000.00,500.00,90.00,false,true,2026-08-12T10:00:00+00:00,2026-08-12T10:00:00+00:00,setl_8809,pay_90155,,card,Settlement line for pay_90155
pay_90156,payment,0.00,72000.00,72000.00,0.00,0.00,false,true,2026-08-12T10:00:00+00:00,2026-08-12T10:00:00+00:00,setl_8809,pay_90156,,card,Settlement line for pay_90156
pay_90157,payment,0.00,7500.00,7500.00,150.00,27.00,false,true,2026-08-12T10:00:00+00:00,2026-08-12T10:00:00+00:00,setl_8809,pay_90157,,card,Settlement line for pay_90157
pay_90158,payment,0.00,1200.00,1200.00,21.60,3.89,false,true,2026-08-12T10:00:00+00:00,2026-08-12T10:00:00+00:00,setl_8809,pay_90158,,card,Settlement line for pay_90158
pay_90159,payment,0.00,50000.00,50000.00,1000.00,180.00,false,true,2026-08-12T10:00:00+00:00,2026-08-12T10:00:00+00:00,setl_8809,pay_90159,,card,Settlement line for pay_90159
rfnd_3029,refund,50000.00,0.00,50000.00,0.00,0.00,false,true,2026-08-12T10:00:00+00:00,2026-08-12T10:00:00+00:00,setl_8809,pay_90146,24022832963664400935980,card,Settlement line for rfnd_3029
rfnd_3035,refund,72000.00,0.00,72000.00,0.00,0.00,false,true,2026-08-12T10:00:00+00:00,2026-08-12T10:00:00+00:00,setl_8809,pay_90156,24022872103234697031107,card,Settlement line for rfnd_3035
pay_90160,payment,0.00,50000.00,50000.00,900.00,162.00,false,true,2026-08-13T10:00:00+00:00,2026-08-13T10:00:00+00:00,setl_8810,pay_90160,,card,Settlement line for pay_90160
pay_90161,payment,0.00,12000.00,12000.00,240.00,43.20,false,true,2026-08-13T10:00:00+00:00,2026-08-13T10:00:00+00:00,setl_8810,pay_90161,,card,Settlement line for pay_90161
pay_90162,payment,0.00,72000.00,72000.00,1440.00,259.20,false,true,2026-08-13T10:00:00+00:00,2026-08-13T10:00:00+00:00,setl_8810,pay_90162,,card,Settlement line for pay_90162
pay_90163,payment,0.00,1200.00,1200.00,0.00,0.00,false,true,2026-08-13T10:00:00+00:00,2026-08-13T10:00:00+00:00,setl_8810,pay_90163,,card,Settlement line for pay_90163
pay_90164,payment,0.00,500.00,500.00,10.00,1.80,false,true,2026-08-13T10:00:00+00:00,2026-08-13T10:00:00+00:00,setl_8810,pay_90164,,card,Settlement line for pay_90164
pay_90165,payment,0.00,4999.00,4999.00,0.00,0.00,false,true,2026-08-13T10:00:00+00:00,2026-08-13T10:00:00+00:00,setl_8810,pay_90165,,card,Settlement line for pay_90165
pay_90166,payment,0.00,12000.00,12000.00,240.00,43.20,false,true,2026-08-13T10:00:00+00:00,2026-08-13T10:00:00+00:00,setl_8810,pay_90166,,card,Settlement line for pay_90166
pay_90167,payment,0.00,1200.00,1200.00,24.00,4.32,false,true,2026-08-13T10:00:00+00:00,2026-08-13T10:00:00+00:00,setl_8810,pay_90167,,card,Settlement line for pay_90167
pay_90168,payment,0.00,2500.00,2500.00,50.00,9.00,false,true,2026-08-13T10:00:00+00:00,2026-08-13T10:00:00+00:00,setl_8810,pay_90168,,card,Settlement line for pay_90168
pay_90169,payment,0.00,50000.00,50000.00,1000.00,180.00,false,true,2026-08-13T10:00:00+00:00,2026-08-13T10:00:00+00:00,setl_8810,pay_90169,,card,Settlement line for pay_90169
pay_90170,payment,0.00,500.00,500.00,10.00,1.80,false,true,2026-08-13T10:00:00+00:00,2026-08-13T10:00:00+00:00,setl_8810,pay_90170,,card,Settlement line for pay_90170
pay_90171,payment,0.00,25000.00,25000.00,500.00,90.00,false,true,2026-08-13T10:00:00+00:00,2026-08-13T10:00:00+00:00,setl_8810,pay_90171,,card,Settlement line for pay_90171
pay_90172,payment,0.00,2500.00,2500.00,50.00,9.00,false,true,2026-08-13T10:00:00+00:00,2026-08-13T10:00:00+00:00,setl_8810,pay_90172,,card,Settlement line for pay_90172
pay_90173,payment,0.00,72000.00,72000.00,1440.00,259.20,false,true,2026-08-13T10:00:00+00:00,2026-08-13T10:00:00+00:00,setl_8810,pay_90173,,card,Settlement line for pay_90173
pay_90174,payment,0.00,4999.00,4999.00,89.98,16.20,false,true,2026-08-13T10:00:00+00:00,2026-08-13T10:00:00+00:00,setl_8810,pay_90174,,card,Settlement line for pay_90174
pay_90175,payment,0.00,50000.00,50000.00,0.00,0.00,false,true,2026-08-13T10:00:00+00:00,2026-08-13T10:00:00+00:00,setl_8810,pay_90175,,card,Settlement line for pay_90175
rfnd_3013,refund,600.00,0.00,600.00,0.00,0.00,false,true,2026-08-13T10:00:00+00:00,2026-08-13T10:00:00+00:00,setl_8810,pay_90163,24022891225922959026320,card,Settlement line for rfnd_3013
disp_5006,dispute,50000.00,0.00,50000.00,0.00,0.00,false,true,2026-08-13T10:00:00+00:00,2026-08-13T10:00:00+00:00,setl_8810,,,card,Settlement line for disp_5006
disp_5007,dispute,1200.00,0.00,1200.00,0.00,0.00,false,true,2026-08-13T10:00:00+00:00,2026-08-13T10:00:00+00:00,setl_8810,,,card,Settlement line for disp_5007
disp_5010,dispute,4999.00,0.00,4999.00,0.00,0.00,false,true,2026-08-13T10:00:00+00:00,2026-08-13T10:00:00+00:00,setl_8810,,,card,Settlement line for disp_5010
pay_90176,payment,0.00,25000.00,25000.00,500.00,90.00,false,true,2026-08-14T10:00:00+00:00,2026-08-14T10:00:00+00:00,setl_8811,pay_90176,,card,Settlement line for pay_90176
pay_90177,payment,0.00,1200.00,1200.00,24.00,4.32,false,true,2026-08-14T10:00:00+00:00,2026-08-14T10:00:00+00:00,setl_8811,pay_90177,,card,Settlement line for pay_90177
pay_90178,payment,0.00,500.00,500.00,10.00,1.80,false,true,2026-08-14T10:00:00+00:00,2026-08-14T10:00:00+00:00,setl_8811,pay_90178,,card,Settlement line for pay_90178
pay_90179,payment,0.00,25000.00,25000.00,0.00,0.00,false,true,2026-08-14T10:00:00+00:00,2026-08-14T10:00:00+00:00,setl_8811,pay_90179,,card,Settlement line for pay_90179
pay_90180,payment,0.00,1200.00,1200.00,24.00,4.32,false,true,2026-08-14T10:00:00+00:00,2026-08-14T10:00:00+00:00,setl_8811,pay_90180,,card,Settlement line for pay_90180
pay_90181,payment,0.00,12000.00,12000.00,240.00,43.20,false,true,2026-08-14T10:00:00+00:00,2026-08-14T10:00:00+00:00,setl_8811,pay_90181,,card,Settlement line for pay_90181
pay_90182,payment,0.00,72000.00,72000.00,1440.00,259.20,false,true,2026-08-14T10:00:00+00:00,2026-08-14T10:00:00+00:00,setl_8811,pay_90182,,card,Settlement line for pay_90182
pay_90183,payment,0.00,500.00,500.00,10.00,1.80,false,true,2026-08-14T10:00:00+00:00,2026-08-14T10:00:00+00:00,setl_8811,pay_90183,,card,Settlement line for pay_90183
pay_90184,payment,0.00,1200.00,1200.00,24.00,4.32,false,true,2026-08-14T10:00:00+00:00,2026-08-14T10:00:00+00:00,setl_8811,pay_90184,,card,Settlement line for pay_90184
pay_90185,payment,0.00,7500.00,7500.00,135.00,24.30,false,true,2026-08-14T10:00:00+00:00,2026-08-14T10:00:00+00:00,setl_8811,pay_90185,,card,Settlement line for pay_90185
pay_90186,payment,0.00,500.00,500.00,10.00,1.80,false,true,2026-08-14T10:00:00+00:00,2026-08-14T10:00:00+00:00,setl_8811,pay_90186,,card,Settlement line for pay_90186
pay_90187,payment,0.00,50000.00,50000.00,1000.00,180.00,false,true,2026-08-14T10:00:00+00:00,2026-08-14T10:00:00+00:00,setl_8811,pay_90187,,card,Settlement line for pay_90187
pay_90188,payment,0.00,1200.00,1200.00,24.00,4.32,false,true,2026-08-14T10:00:00+00:00,2026-08-14T10:00:00+00:00,setl_8811,pay_90188,,card,Settlement line for pay_90188
pay_90189,payment,0.00,500.00,500.00,10.00,1.80,false,true,2026-08-14T10:00:00+00:00,2026-08-14T10:00:00+00:00,setl_8811,pay_90189,,card,Settlement line for pay_90189
pay_90190,payment,0.00,12000.00,12000.00,240.00,43.20,false,true,2026-08-14T10:00:00+00:00,2026-08-14T10:00:00+00:00,setl_8811,pay_90190,,card,Settlement line for pay_90190
pay_90191,payment,0.00,72000.00,72000.00,1440.00,259.20,false,true,2026-08-14T10:00:00+00:00,2026-08-14T10:00:00+00:00,setl_8811,pay_90191,,card,Settlement line for pay_90191
rfnd_3000,refund,12000.00,0.00,12000.00,0.00,0.00,false,true,2026-08-14T10:00:00+00:00,2026-08-14T10:00:00+00:00,setl_8811,pay_90181,24022878982911642621834,card,Settlement line for rfnd_3000
rfnd_3009,refund,72000.00,0.00,72000.00,0.00,0.00,false,true,2026-08-14T10:00:00+00:00,2026-08-14T10:00:00+00:00,setl_8811,pay_90182,24022849552562353140090,card,Settlement line for rfnd_3009
rfnd_3012,refund,25000.00,0.00,25000.00,0.00,0.00,false,true,2026-08-14T10:00:00+00:00,2026-08-14T10:00:00+00:00,setl_8811,pay_90179,24022899996936528181165,card,Settlement line for rfnd_3012
pay_90192,payment,0.00,500.00,500.00,10.00,1.80,false,true,2026-08-15T10:00:00+00:00,2026-08-15T10:00:00+00:00,setl_8812,pay_90192,,card,Settlement line for pay_90192
pay_90193,payment,0.00,25000.00,25000.00,500.00,90.00,false,true,2026-08-15T10:00:00+00:00,2026-08-15T10:00:00+00:00,setl_8812,pay_90193,,card,Settlement line for pay_90193
pay_90194,payment,0.00,50000.00,50000.00,1000.00,180.00,false,true,2026-08-15T10:00:00+00:00,2026-08-15T10:00:00+00:00,setl_8812,pay_90194,,card,Settlement line for pay_90194
pay_90195,payment,0.00,25000.00,25000.00,500.00,90.00,false,true,2026-08-15T10:00:00+00:00,2026-08-15T10:00:00+00:00,setl_8812,pay_90195,,card,Settlement line for pay_90195
pay_90196,payment,0.00,2500.00,2500.00,0.00,0.00,false,true,2026-08-15T10:00:00+00:00,2026-08-15T10:00:00+00:00,setl_8812,pay_90196,,card,Settlement line for pay_90196
pay_90197,payment,0.00,72000.00,72000.00,1440.00,259.20,false,true,2026-08-15T10:00:00+00:00,2026-08-15T10:00:00+00:00,setl_8812,pay_90197,,card,Settlement line for pay_90197
pay_90198,payment,0.00,2500.00,2500.00,50.00,9.00,false,true,2026-08-15T10:00:00+00:00,2026-08-15T10:00:00+00:00,setl_8812,pay_90198,,card,Settlement line for pay_90198
pay_90199,payment,0.00,50000.00,50000.00,0.00,0.00,false,true,2026-08-15T10:00:00+00:00,2026-08-15T10:00:00+00:00,setl_8812,pay_90199,,card,Settlement line for pay_90199
pay_90200,payment,0.00,12000.00,12000.00,240.00,43.20,false,true,2026-08-15T10:00:00+00:00,2026-08-15T10:00:00+00:00,setl_8812,pay_90200,,card,Settlement line for pay_90200
pay_90201,payment,0.00,7500.00,7500.00,150.00,27.00,false,true,2026-08-15T10:00:00+00:00,2026-08-15T10:00:00+00:00,setl_8812,pay_90201,,card,Settlement line for pay_90201
pay_90202,payment,0.00,500.00,500.00,0.00,0.00,false,true,2026-08-15T10:00:00+00:00,2026-08-15T10:00:00+00:00,setl_8812,pay_90202,,card,Settlement line for pay_90202
pay_90203,payment,0.00,1200.00,1200.00,24.00,4.32,false,true,2026-08-15T10:00:00+00:00,2026-08-15T10:00:00+00:00,setl_8812,pay_90203,,card,Settlement line for pay_90203
pay_90204,payment,0.00,4999.00,4999.00,99.98,18.00,false,true,2026-08-15T10:00:00+00:00,2026-08-15T10:00:00+00:00,setl_8812,pay_90204,,card,Settlement line for pay_90204
pay_90205,payment,0.00,1200.00,1200.00,24.00,4.32,false,true,2026-08-15T10:00:00+00:00,2026-08-15T10:00:00+00:00,setl_8812,pay_90205,,card,Settlement line for pay_90205
pay_90206,payment,0.00,72000.00,72000.00,1440.00,259.20,false,true,2026-08-15T10:00:00+00:00,2026-08-15T10:00:00+00:00,setl_8812,pay_90206,,card,Settlement line for pay_90206
pay_90207,payment,0.00,500.00,500.00,10.00,1.80,false,true,2026-08-15T10:00:00+00:00,2026-08-15T10:00:00+00:00,setl_8812,pay_90207,,card,Settlement line for pay_90207
rfnd_3015,refund,600.00,0.00,600.00,0.00,0.00,false,true,2026-08-15T10:00:00+00:00,2026-08-15T10:00:00+00:00,setl_8812,pay_90203,24022893121497528449244,card,Settlement line for rfnd_3015
rfnd_3021,refund,500.00,0.00,500.00,0.00,0.00,false,true,2026-08-15T10:00:00+00:00,2026-08-15T10:00:00+00:00,setl_8812,pay_90202,24022876933167557698003,card,Settlement line for rfnd_3021
rfnd_3032,refund,600.00,0.00,600.00,0.00,0.00,false,true,2026-08-15T10:00:00+00:00,2026-08-15T10:00:00+00:00,setl_8812,pay_90205,24022894068745883137126,card,Settlement line for rfnd_3032
pay_90208,payment,0.00,2500.00,2500.00,50.00,9.00,false,true,2026-08-16T10:00:00+00:00,2026-08-16T10:00:00+00:00,setl_8813,pay_90208,,card,Settlement line for pay_90208
pay_90209,payment,0.00,2500.00,2500.00,50.00,9.00,false,true,2026-08-16T10:00:00+00:00,2026-08-16T10:00:00+00:00,setl_8813,pay_90209,,card,Settlement line for pay_90209
pay_90210,payment,0.00,1200.00,1200.00,24.00,4.32,false,true,2026-08-16T10:00:00+00:00,2026-08-16T10:00:00+00:00,setl_8813,pay_90210,,card,Settlement line for pay_90210
pay_90211,payment,0.00,4999.00,4999.00,99.98,18.00,false,true,2026-08-16T10:00:00+00:00,2026-08-16T10:00:00+00:00,setl_8813,pay_90211,,card,Settlement line for pay_90211
pay_90212,payment,0.00,1200.00,1200.00,0.00,0.00,false,true,2026-08-16T10:00:00+00:00,2026-08-16T10:00:00+00:00,setl_8813,pay_90212,,card,Settlement line for pay_90212
pay_90213,payment,0.00,500.00,500.00,9.00,1.62,false,true,2026-08-16T10:00:00+00:00,2026-08-16T10:00:00+00:00,setl_8813,pay_90213,,card,Settlement line for pay_90213
pay_90214,payment,0.00,25000.00,25000.00,500.00,90.00,false,true,2026-08-16T10:00:00+00:00,2026-08-16T10:00:00+00:00,setl_8813,pay_90214,,card,Settlement line for pay_90214
pay_90215,payment,0.00,25000.00,25000.00,450.00,81.00,false,true,2026-08-16T10:00:00+00:00,2026-08-16T10:00:00+00:00,setl_8813,pay_90215,,card,Settlement line for pay_90215
pay_90216,payment,0.00,4999.00,4999.00,99.98,18.00,false,true,2026-08-16T10:00:00+00:00,2026-08-16T10:00:00+00:00,setl_8813,pay_90216,,card,Settlement line for pay_90216
pay_90217,payment,0.00,50000.00,50000.00,0.00,0.00,false,true,2026-08-16T10:00:00+00:00,2026-08-16T10:00:00+00:00,setl_8813,pay_90217,,card,Settlement line for pay_90217
pay_90218,payment,0.00,72000.00,72000.00,0.00,0.00,false,true,2026-08-16T10:00:00+00:00,2026-08-16T10:00:00+00:00,setl_8813,pay_90218,,card,Settlement line for pay_90218
pay_90219,payment,0.00,2500.00,2500.00,0.00,0.00,false,true,2026-08-16T10:00:00+00:00,2026-08-16T10:00:00+00:00,setl_8813,pay_90219,,card,Settlement line for pay_90219
pay_90220,payment,0.00,72000.00,72000.00,1296.00,233.28,false,true,2026-08-16T10:00:00+00:00,2026-08-16T10:00:00+00:00,setl_8813,pay_90220,,card,Settlement line for pay_90220
pay_90221,payment,0.00,2500.00,2500.00,45.00,8.10,false,true,2026-08-16T10:00:00+00:00,2026-08-16T10:00:00+00:00,setl_8813,pay_90221,,card,Settlement line for pay_90221
pay_90222,payment,0.00,1200.00,1200.00,21.60,3.89,false,true,2026-08-16T10:00:00+00:00,2026-08-16T10:00:00+00:00,setl_8813,pay_90222,,card,Settlement line for pay_90222
pay_90223,payment,0.00,500.00,500.00,10.00,1.80,false,true,2026-08-16T10:00:00+00:00,2026-08-16T10:00:00+00:00,setl_8813,pay_90223,,card,Settlement line for pay_90223
rfnd_3007,refund,50000.00,0.00,50000.00,0.00,0.00,false,true,2026-08-16T10:00:00+00:00,2026-08-16T10:00:00+00:00,setl_8813,pay_90217,24022856500314529311410,card,Settlement line for rfnd_3007
rfnd_3033,refund,2500.00,0.00,2500.00,0.00,0.00,false,true,2026-08-16T10:00:00+00:00,2026-08-16T10:00:00+00:00,setl_8813,pay_90221,24022881321768564291588,card,Settlement line for rfnd_3033
pay_90224,payment,0.00,500.00,500.00,0.00,0.00,false,true,2026-08-17T10:00:00+00:00,2026-08-17T10:00:00+00:00,setl_8814,pay_90224,,card,Settlement line for pay_90224
pay_90225,payment,0.00,2500.00,2500.00,50.00,9.00,false,true,2026-08-17T10:00:00+00:00,2026-08-17T10:00:00+00:00,setl_8814,pay_90225,,card,Settlement line for pay_90225
pay_90226,payment,0.00,500.00,500.00,10.00,1.80,false,true,2026-08-17T10:00:00+00:00,2026-08-17T10:00:00+00:00,setl_8814,pay_90226,,card,Settlement line for pay_90226
pay_90227,payment,0.00,7500.00,7500.00,150.00,27.00,false,true,2026-08-17T10:00:00+00:00,2026-08-17T10:00:00+00:00,setl_8814,pay_90227,,card,Settlement line for pay_90227
pay_90228,payment,0.00,1200.00,1200.00,24.00,4.32,false,true,2026-08-17T10:00:00+00:00,2026-08-17T10:00:00+00:00,setl_8814,pay_90228,,card,Settlement line for pay_90228
pay_90229,payment,0.00,25000.00,25000.00,500.00,90.00,false,true,2026-08-17T10:00:00+00:00,2026-08-17T10:00:00+00:00,setl_8814,pay_90229,,card,Settlement line for pay_90229
pay_90230,payment,0.00,12000.00,12000.00,240.00,43.20,false,true,2026-08-17T10:00:00+00:00,2026-08-17T10:00:00+00:00,setl_8814,pay_90230,,card,Settlement line for pay_90230
pay_90231,payment,0.00,500.00,500.00,9.00,1.62,false,true,2026-08-17T10:00:00+00:00,2026-08-17T10:00:00+00:00,setl_8814,pay_90231,,card,Settlement line for pay_90231
pay_90232,payment,0.00,12000.00,12000.00,240.00,43.20,false,true,2026-08-17T10:00:00+00:00,2026-08-17T10:00:00+00:00,setl_8814,pay_90232,,card,Settlement line for pay_90232
pay_90233,payment,0.00,500.00,500.00,10.00,1.80,false,true,2026-08-17T10:00:00+00:00,2026-08-17T10:00:00+00:00,setl_8814,pay_90233,,card,Settlement line for pay_90233
pay_90234,payment,0.00,2500.00,2500.00,0.00,0.00,false,true,2026-08-17T10:00:00+00:00,2026-08-17T10:00:00+00:00,setl_8814,pay_90234,,card,Settlement line for pay_90234
pay_90235,payment,0.00,500.00,500.00,10.00,1.80,false,true,2026-08-17T10:00:00+00:00,2026-08-17T10:00:00+00:00,setl_8814,pay_90235,,card,Settlement line for pay_90235
pay_90236,payment,0.00,72000.00,72000.00,1440.00,259.20,false,true,2026-08-17T10:00:00+00:00,2026-08-17T10:00:00+00:00,setl_8814,pay_90236,,card,Settlement line for pay_90236
pay_90237,payment,0.00,500.00,500.00,10.00,1.80,false,true,2026-08-17T10:00:00+00:00,2026-08-17T10:00:00+00:00,setl_8814,pay_90237,,card,Settlement line for pay_90237
pay_90238,payment,0.00,25000.00,25000.00,500.00,90.00,false,true,2026-08-17T10:00:00+00:00,2026-08-17T10:00:00+00:00,setl_8814,pay_90238,,card,Settlement line for pay_90238
pay_90239,payment,0.00,25000.00,25000.00,0.00,0.00,false,true,2026-08-17T10:00:00+00:00,2026-08-17T10:00:00+00:00,setl_8814,pay_90239,,card,Settlement line for pay_90239
pay_90240,payment,0.00,72000.00,72000.00,1440.00,259.20,false,true,2026-08-17T10:00:00+00:00,2026-08-17T10:00:00+00:00,setl_8814,pay_90240,,card,Settlement line for pay_90240
pay_90241,payment,0.00,25000.00,25000.00,500.00,90.00,false,true,2026-08-17T10:00:00+00:00,2026-08-17T10:00:00+00:00,setl_8814,pay_90241,,card,Settlement line for pay_90241
pay_90242,payment,0.00,500.00,500.00,10.00,1.80,false,true,2026-08-17T10:00:00+00:00,2026-08-17T10:00:00+00:00,setl_8814,pay_90242,,card,Settlement line for pay_90242
pay_90243,payment,0.00,50000.00,50000.00,1000.00,180.00,false,true,2026-08-17T10:00:00+00:00,2026-08-17T10:00:00+00:00,setl_8814,pay_90243,,card,Settlement line for pay_90243
pay_90244,payment,0.00,500.00,500.00,0.00,0.00,false,true,2026-08-17T10:00:00+00:00,2026-08-17T10:00:00+00:00,setl_8814,pay_90244,,card,Settlement line for pay_90244
pay_90245,payment,0.00,12000.00,12000.00,240.00,43.20,false,true,2026-08-17T10:00:00+00:00,2026-08-17T10:00:00+00:00,setl_8814,pay_90245,,card,Settlement line for pay_90245
pay_90246,payment,0.00,7500.00,7500.00,150.00,27.00,false,true,2026-08-17T10:00:00+00:00,2026-08-17T10:00:00+00:00,setl_8814,pay_90246,,card,Settlement line for pay_90246
pay_90247,payment,0.00,1200.00,1200.00,0.00,0.00,false,true,2026-08-17T10:00:00+00:00,2026-08-17T10:00:00+00:00,setl_8814,pay_90247,,card,Settlement line for pay_90247
pay_90248,payment,0.00,7500.00,7500.00,150.00,27.00,false,true,2026-08-17T10:00:00+00:00,2026-08-17T10:00:00+00:00,setl_8814,pay_90248,,card,Settlement line for pay_90248
pay_90249,payment,0.00,50000.00,50000.00,0.00,0.00,false,true,2026-08-17T10:00:00+00:00,2026-08-17T10:00:00+00:00,setl_8814,pay_90249,,card,Settlement line for pay_90249
rfnd_3005,refund,1200.00,0.00,1200.00,0.00,0.00,false,true,2026-08-17T10:00:00+00:00,2026-08-17T10:00:00+00:00,setl_8814,pay_90228,24022872346862514425305,card,Settlement line for rfnd_3005
rfnd_3010,refund,50000.00,0.00,50000.00,0.00,0.00,false,true,2026-08-17T10:00:00+00:00,2026-08-17T10:00:00+00:00,setl_8814,pay_90249,24022886882288059296761,card,Settlement line for rfnd_3010
rfnd_3011,refund,500.00,0.00,500.00,0.00,0.00,false,true,2026-08-17T10:00:00+00:00,2026-08-17T10:00:00+00:00,setl_8814,pay_90237,24022895288585114925289,card,Settlement line for rfnd_3011
rfnd_3024,refund,500.00,0.00,500.00,0.00,0.00,false,true,2026-08-17T10:00:00+00:00,2026-08-17T10:00:00+00:00,setl_8814,pay_90244,24022855989445109735131,card,Settlement line for rfnd_3024
rfnd_3027,refund,250.00,0.00,250.00,0.00,0.00,false,true,2026-08-17T10:00:00+00:00,2026-08-17T10:00:00+00:00,setl_8814,pay_90233,24022845779518912979171,card,Settlement line for rfnd_3027
disp_5000,dispute,7500.00,0.00,7500.00,0.00,0.00,false,true,2026-08-17T10:00:00+00:00,2026-08-17T10:00:00+00:00,setl_8814,,,card,Settlement line for disp_5000
